<application>
  <component name="SettingsSyncSettings">
    <option name="disabledCategories">
      <list>
        <option value="UI" />
        <option value="TOOLS" />
      </list>
    </option>
    <option name="disabledSubcategories">
      <map>
        <entry key="PLUGINS">
          <value>
            <list>
              <option value="bundled" />
              <option value="ru.adelf.idea.dotenv" />
            </list>
          </value>
        </entry>
      </map>
    </option>
    <option name="migrationFromOldStorageChecked" value="true" />
    <option name="syncEnabled" value="true" />
  </component>
</application>