<keymap version="1" name="Visual Studio 副本" parent="Visual Studio">
  <action id="Adtui.ZoomToFitAction">
    <keyboard-shortcut first-keystroke="ctrl divide" />
  </action>
  <action id="CommentByBlockComment">
    <keyboard-shortcut first-keystroke="ctrl quote" />
  </action>
  <action id="CommentByLineComment">
    <keyboard-shortcut first-keystroke="ctrl slash" />
  </action>
  <action id="EditorDeleteLine" />
  <action id="FindInPath" />
  <action id="Graph.ActualSize">
    <keyboard-shortcut first-keystroke="ctrl divide" />
  </action>
  <action id="Images.Editor.ActualSize">
    <keyboard-shortcut first-keystroke="ctrl divide" />
  </action>
  <action id="Images.Editor.ToggleGrid" />
  <action id="ReformatCode" />
  <action id="ShowReformatFileDialog">
    <keyboard-shortcut first-keystroke="shift ctrl f" />
  </action>
</keymap>