<keymap version="1" name="VSCodee" parent="VSCode">
  <action id="CollapseDocComments" />
  <action id="CommentByBlockComment">
    <keyboard-shortcut first-keystroke="ctrl quote" />
  </action>
  <action id="CommentByLineComment">
    <keyboard-shortcut first-keystroke="ctrl slash" />
  </action>
  <action id="Debug" />
  <action id="GotoNextError">
    <keyboard-shortcut first-keystroke="alt f8" />
    <keyboard-shortcut first-keystroke="alt numpad1" />
  </action>
  <action id="Graph.RouteEdges" />
  <action id="Images.Editor.ToggleGrid" />
  <action id="MainMenuButton.ShowMenu" />
  <action id="Resume" />
  <action id="Run">
    <keyboard-shortcut first-keystroke="ctrl f5" />
    <keyboard-shortcut first-keystroke="f5" />
  </action>
  <action id="ShowIntentionActions">
    <keyboard-shortcut first-keystroke="ctrl period" />
    <keyboard-shortcut first-keystroke="ctrl numpad1" />
  </action>
</keymap>